
DROP TABLE IF EXISTS `field_body`;
CREATE TABLE `field_body` (
  `pages_id` int(10) unsigned NOT NULL,
  `data` mediumtext NOT NULL,
  PRIMARY KEY (`pages_id`),
  FULLTEXT KEY `data` (`data`)
) ENGINE=MyISAM DEFAULT CHARSET=utf8;

INSERT INTO `field_body` (pages_id, data) VALUES('27', '<h3>The page you were looking for is not found.</h3>\r\n<p>Please use our search engine or navigation above to find the page.</p>');
INSERT INTO `field_body` (pages_id, data) VALUES('1', '<h2>Whatever you build, you\'ll have room to grow</h2><p>This starter site gives you everything you need to build a fully-featured web site right out of the box, without any coding. Look closer, though, and you\'ll see how some of its special features were built using ProcessWire\'s intuitive system of fields, templates, and selectors. Even if you don\'t know PHP, you don\'t need to learn a lot to start building your own content types and page features.</p><h2>What is ProcessWire?</h2><p>ProcessWire gives you full control over your fields, templates and markup. It provides a powerful template system that works the way you do. Not to mention, ProcessWire\'s API makes working with your content easy and enjoyable. <a href=\"http://processwire.com\">Learn more</a></p>');
INSERT INTO `field_body` (pages_id, data) VALUES('1002', '<h2>Ut capio feugiat saepius torqueo olim</h2><h3>In utinam facilisi eum vicis feugait nimis</h3><p>Iusto incassum appellatio cui macto genitus vel. Lobortis aliquam luctus, roto enim, imputo wisi tamen. Ratis odio, genitus acsi, neo illum consequat consectetuer ut. </p><p>Wisi fere virtus cogo, ex ut vel nullus similis vel iusto. Tation incassum adsum in, quibus capto premo diam suscipere facilisi. Uxor laoreet mos capio premo feugait ille et. Pecus abigo immitto epulae duis vel. Neque causa, indoles verto, decet ingenium dignissim. </p><p>Patria iriure vel vel autem proprius indoles ille sit. Tation blandit refoveo, accumsan ut ulciscor lucidus inhibeo capto aptent opes, foras. </p><h3>Dolore ea valde refero feugait utinam luctus</h3><p>Usitas, nostrud transverbero, in, amet, nostrud ad. Ex feugiat opto diam os aliquam regula lobortis dolore ut ut quadrum. Esse eu quis nunc jugis iriure volutpat wisi, fere blandit inhibeo melior, hendrerit, saluto velit. Eu bene ideo dignissim delenit accumsan nunc. Usitas ille autem camur consequat typicus feugait elit ex accumsan nutus accumsan nimis pagus, occuro. Immitto populus, qui feugiat opto pneum letalis paratus. Mara conventio torqueo nibh caecus abigo sit eum brevitas. Populus, duis ex quae exerci hendrerit, si antehabeo nobis, consequat ea praemitto zelus. </p><p>Immitto os ratis euismod conventio erat jus caecus sudo. Appellatio consequat, et ibidem ludus nulla dolor augue abdo tego euismod plaga lenis. Sit at nimis venio venio tego os et pecus enim pneum magna nobis ad pneum. Saepius turpis probo refero molior nonummy aliquam neque appellatio jus luctus acsi. Ulciscor refero pagus imputo eu refoveo valetudo duis dolore usitas. Consequat suscipere quod torqueo ratis ullamcorper, dolore lenis, letalis quia quadrum plaga minim. </p>');
INSERT INTO `field_body` (pages_id, data) VALUES('1003', '<h2>The site template files are located in /site/templates/</h2><p>Each of the template files in this site profile includes the header template (head.inc), outputs the bodycopy, and then includes the footer template (foot.inc). This is to avoid duplication of the markup that is the same across all pages in the site. This is just one strategy you can use for templates. </p><p>You could of course make each template completely self contained with it\'s own markup, but if you have more than one template with some of the same markup, then it wouldn\'t be very efficient to do that.</p><p>Another strategy would be to use a have a main template that contains all your markup and has placeholder variables for the dynamic parts. Then your other templates would populate the placeholder variables before including the main template. See the <a href=\"http://processwire.com/download/\">skyscrapers</a> site profile for an example of that strategy. </p><p>Regardless of what strategy you use in your own site, I hope that you find ProcessWire easy to develop with. See the <a href=\"http://processwire.com/api/\">Developer API</a>, and the section on <a href=\"http://processwire.com/api/templates/\">Templates</a> to get you started.</p>');
INSERT INTO `field_body` (pages_id, data) VALUES('1001', '<h2>Si lobortis singularis genitus ibidem saluto.</h2><p>Dolore ad nunc, mos accumsan paratus duis suscipit luptatum facilisis macto uxor iaceo quadrum. Demoveo, appellatio elit neque ad commodo ea. Wisi, iaceo, tincidunt at commoveo rusticus et, ludus. Feugait at blandit bene blandit suscipere abdo duis ideo bis commoveo pagus ex, velit. Consequat commodo roto accumsan, duis transverbero.</p>');
INSERT INTO `field_body` (pages_id, data) VALUES('1004', '<h2>Pertineo vel dignissim, natu letalis fere odio</h2><h3>Si lobortis singularis genitus ibidem saluto</h3><p>Magna in gemino, gilvus iusto capto jugis abdo mos aptent acsi qui. Utrum inhibeo humo humo duis quae. Lucidus paulatim facilisi scisco quibus hendrerit conventio adsum. Feugiat eligo foras ex elit sed indoles hos elit ex antehabeo defui et nostrud. Letatio valetudo multo consequat inhibeo ille dignissim pagus et in quadrum eum eu. Aliquam si consequat, ut nulla amet et turpis exerci, adsum luctus ne decet, delenit. Commoveo nunc diam valetudo cui, aptent commoveo at obruo uxor nulla aliquip augue. </p><p>Iriure, ex velit, praesent vulpes delenit capio vero gilvus inhibeo letatio aliquip metuo qui eros. Transverbero demoveo euismod letatio torqueo melior. Ut odio in suscipit paulatim amet huic letalis suscipere eros causa, letalis magna. </p>');
INSERT INTO `field_body` (pages_id, data) VALUES('1008', '<h2>Built with ProcessWire Fields</h2><p>Check the \"Show page in footer navigation\" checkbox on a page to add it to the footer. Like other parts of the starter site , this \"footer page\" feature isn\'t built into ProcessWire – it was built using ProcessWire\'s powerful system of fields and selectors.</p>');
INSERT INTO `field_body` (pages_id, data) VALUES('1009', '<h2>Beautiful banner images made easy</h2><p>When editing a page on this site, you can upload a banner image to display across the page. Check the \"Show in right column\" box to move it over to the side. </p><h2>How it was done</h2><p>All you have to do to add a field like this is to add an image field to a template in the admin. Then, in the template, add this line of code:</p><pre>echo $page-&gt;page_image-&gt;size(1000, 256);  \r\n</pre><p>That\'s all!</p>');
INSERT INTO `field_body` (pages_id, data) VALUES('1010', '<p>What happens now?</p>');

DROP TABLE IF EXISTS `field_headline`;
CREATE TABLE `field_headline` (
  `pages_id` int(10) unsigned NOT NULL,
  `data` text NOT NULL,
  PRIMARY KEY (`pages_id`),
  FULLTEXT KEY `data` (`data`)
) ENGINE=MyISAM DEFAULT CHARSET=utf8;

INSERT INTO `field_headline` (pages_id, data) VALUES('1', 'Start editing – or experimenting.');
INSERT INTO `field_headline` (pages_id, data) VALUES('1001', 'About Us');
INSERT INTO `field_headline` (pages_id, data) VALUES('1003', 'Developing Site Templates');

DROP TABLE IF EXISTS `field_images`;
CREATE TABLE `field_images` (
  `pages_id` int(10) unsigned NOT NULL,
  `data` varchar(255) NOT NULL,
  `sort` int(10) unsigned NOT NULL,
  `description` text NOT NULL,
  PRIMARY KEY (`pages_id`,`sort`),
  KEY `data` (`data`),
  FULLTEXT KEY `description` (`description`)
) ENGINE=MyISAM DEFAULT CHARSET=utf8;


DROP TABLE IF EXISTS `field_in_footer`;
CREATE TABLE `field_in_footer` (
  `pages_id` int(10) unsigned NOT NULL,
  `data` tinyint(4) NOT NULL,
  PRIMARY KEY (`pages_id`),
  KEY `data` (`data`)
) ENGINE=MyISAM DEFAULT CHARSET=utf8;

INSERT INTO `field_in_footer` (pages_id, data) VALUES('1005', '1');
INSERT INTO `field_in_footer` (pages_id, data) VALUES('1008', '1');

DROP TABLE IF EXISTS `field_page_image`;
CREATE TABLE `field_page_image` (
  `pages_id` int(10) unsigned NOT NULL,
  `data` varchar(255) NOT NULL,
  `sort` int(10) unsigned NOT NULL,
  `description` text NOT NULL,
  PRIMARY KEY (`pages_id`,`sort`),
  KEY `data` (`data`),
  FULLTEXT KEY `description` (`description`)
) ENGINE=MyISAM DEFAULT CHARSET=utf8;

INSERT INTO `field_page_image` (pages_id, data, sort, description) VALUES('1', 'pritzkerpavilion.jpg', '0', '');
INSERT INTO `field_page_image` (pages_id, data, sort, description) VALUES('1009', '6785896115_e5221efd79_b.jpg', '0', '');

DROP TABLE IF EXISTS `field_page_image_rightcol`;
CREATE TABLE `field_page_image_rightcol` (
  `pages_id` int(10) unsigned NOT NULL,
  `data` tinyint(4) NOT NULL,
  PRIMARY KEY (`pages_id`),
  KEY `data` (`data`)
) ENGINE=MyISAM DEFAULT CHARSET=utf8;


DROP TABLE IF EXISTS `field_page_image_settings`;
CREATE TABLE `field_page_image_settings` (
  `pages_id` int(10) unsigned NOT NULL,
  `data` int(11) NOT NULL,
  PRIMARY KEY (`pages_id`),
  KEY `data` (`data`)
) ENGINE=MyISAM DEFAULT CHARSET=utf8;


DROP TABLE IF EXISTS `field_page_image_settings_end`;
CREATE TABLE `field_page_image_settings_end` (
  `pages_id` int(10) unsigned NOT NULL,
  `data` int(11) NOT NULL,
  PRIMARY KEY (`pages_id`),
  KEY `data` (`data`)
) ENGINE=MyISAM DEFAULT CHARSET=utf8;


INSERT INTO `field_process` (pages_id, data) VALUES('6', '17') ON DUPLICATE KEY UPDATE pages_id=VALUES(pages_id), data=VALUES(data);
INSERT INTO `field_process` (pages_id, data) VALUES('3', '12') ON DUPLICATE KEY UPDATE pages_id=VALUES(pages_id), data=VALUES(data);
INSERT INTO `field_process` (pages_id, data) VALUES('8', '12') ON DUPLICATE KEY UPDATE pages_id=VALUES(pages_id), data=VALUES(data);
INSERT INTO `field_process` (pages_id, data) VALUES('9', '14') ON DUPLICATE KEY UPDATE pages_id=VALUES(pages_id), data=VALUES(data);
INSERT INTO `field_process` (pages_id, data) VALUES('10', '7') ON DUPLICATE KEY UPDATE pages_id=VALUES(pages_id), data=VALUES(data);
INSERT INTO `field_process` (pages_id, data) VALUES('11', '47') ON DUPLICATE KEY UPDATE pages_id=VALUES(pages_id), data=VALUES(data);
INSERT INTO `field_process` (pages_id, data) VALUES('16', '48') ON DUPLICATE KEY UPDATE pages_id=VALUES(pages_id), data=VALUES(data);
INSERT INTO `field_process` (pages_id, data) VALUES('300', '104') ON DUPLICATE KEY UPDATE pages_id=VALUES(pages_id), data=VALUES(data);
INSERT INTO `field_process` (pages_id, data) VALUES('21', '50') ON DUPLICATE KEY UPDATE pages_id=VALUES(pages_id), data=VALUES(data);
INSERT INTO `field_process` (pages_id, data) VALUES('29', '66') ON DUPLICATE KEY UPDATE pages_id=VALUES(pages_id), data=VALUES(data);
INSERT INTO `field_process` (pages_id, data) VALUES('23', '10') ON DUPLICATE KEY UPDATE pages_id=VALUES(pages_id), data=VALUES(data);
INSERT INTO `field_process` (pages_id, data) VALUES('304', '138') ON DUPLICATE KEY UPDATE pages_id=VALUES(pages_id), data=VALUES(data);
INSERT INTO `field_process` (pages_id, data) VALUES('31', '136') ON DUPLICATE KEY UPDATE pages_id=VALUES(pages_id), data=VALUES(data);
INSERT INTO `field_process` (pages_id, data) VALUES('22', '76') ON DUPLICATE KEY UPDATE pages_id=VALUES(pages_id), data=VALUES(data);
INSERT INTO `field_process` (pages_id, data) VALUES('30', '68') ON DUPLICATE KEY UPDATE pages_id=VALUES(pages_id), data=VALUES(data);
INSERT INTO `field_process` (pages_id, data) VALUES('303', '129') ON DUPLICATE KEY UPDATE pages_id=VALUES(pages_id), data=VALUES(data);
INSERT INTO `field_process` (pages_id, data) VALUES('2', '87') ON DUPLICATE KEY UPDATE pages_id=VALUES(pages_id), data=VALUES(data);
INSERT INTO `field_process` (pages_id, data) VALUES('302', '121') ON DUPLICATE KEY UPDATE pages_id=VALUES(pages_id), data=VALUES(data);
INSERT INTO `field_process` (pages_id, data) VALUES('301', '109') ON DUPLICATE KEY UPDATE pages_id=VALUES(pages_id), data=VALUES(data);
INSERT INTO `field_process` (pages_id, data) VALUES('28', '76') ON DUPLICATE KEY UPDATE pages_id=VALUES(pages_id), data=VALUES(data);
INSERT INTO `field_process` (pages_id, data) VALUES('1017', '149') ON DUPLICATE KEY UPDATE pages_id=VALUES(pages_id), data=VALUES(data);

DROP TABLE IF EXISTS `field_sidebar`;
CREATE TABLE `field_sidebar` (
  `pages_id` int(10) unsigned NOT NULL,
  `data` mediumtext NOT NULL,
  PRIMARY KEY (`pages_id`),
  FULLTEXT KEY `data` (`data`)
) ENGINE=MyISAM DEFAULT CHARSET=utf8;

INSERT INTO `field_sidebar` (pages_id, data) VALUES('1', '<h3>About ProcessWire</h3><p>ProcessWire is an open source CMS and web application framework aimed at the needs of designers, developers and their clients.</p><p><a href=\"http://processwire.com/about/\" target=\"_blank\">About ProcessWire</a><br /><a href=\"http://processwire.com/api/\">Developer API</a><br /><a href=\"http://processwire.com/contact/\">Contact Us</a><br /><a href=\"http://twitter.com/rc_d\">Follow Us on Twitter</a></p>');
INSERT INTO `field_sidebar` (pages_id, data) VALUES('1002', '<h3>Sudo nullus</h3><p>Et torqueo vulpes vereor luctus augue quod consectetuer antehabeo causa patria tation ex plaga ut. Abluo delenit wisi iriure eros feugiat probo nisl aliquip nisl, patria. Antehabeo esse camur nisl modo utinam. Sudo nullus ventosus ibidem facilisis saepius eum sino pneum, vicis odio voco opto.</p>');
INSERT INTO `field_sidebar` (pages_id, data) VALUES('1001', '<h3>Placeholder page</h3><p>This placeholder page shows what multi-level navigation looks like on this site. You can easily replace or delete this content.</p>');

DROP TABLE IF EXISTS `field_site_footer`;
CREATE TABLE `field_site_footer` (
  `pages_id` int(10) unsigned NOT NULL,
  `data` mediumtext NOT NULL,
  PRIMARY KEY (`pages_id`),
  KEY `data_exact` (`data`(255)),
  FULLTEXT KEY `data` (`data`)
) ENGINE=MyISAM DEFAULT CHARSET=utf8;

INSERT INTO `field_site_footer` (pages_id, data) VALUES('1006', '<p>©2012 Your Name.</p>');

DROP TABLE IF EXISTS `field_site_name`;
CREATE TABLE `field_site_name` (
  `pages_id` int(10) unsigned NOT NULL,
  `data` text NOT NULL,
  PRIMARY KEY (`pages_id`),
  KEY `data_exact` (`data`(255)),
  FULLTEXT KEY `data` (`data`)
) ENGINE=MyISAM DEFAULT CHARSET=utf8;

INSERT INTO `field_site_name` (pages_id, data) VALUES('1006', 'Site Name');

DROP TABLE IF EXISTS `field_site_tagline`;
CREATE TABLE `field_site_tagline` (
  `pages_id` int(10) unsigned NOT NULL,
  `data` text NOT NULL,
  PRIMARY KEY (`pages_id`),
  KEY `data_exact` (`data`(255)),
  FULLTEXT KEY `data` (`data`)
) ENGINE=MyISAM DEFAULT CHARSET=utf8;


DROP TABLE IF EXISTS `field_summary`;
CREATE TABLE `field_summary` (
  `pages_id` int(10) unsigned NOT NULL,
  `data` mediumtext NOT NULL,
  PRIMARY KEY (`pages_id`),
  FULLTEXT KEY `data` (`data`)
) ENGINE=MyISAM DEFAULT CHARSET=utf8;

INSERT INTO `field_summary` (pages_id, data) VALUES('1002', 'Dolore ea valde refero feugait utinam luctus. Probo velit commoveo et, delenit praesent, suscipit zelus, hendrerit zelus illum facilisi, regula. ');
INSERT INTO `field_summary` (pages_id, data) VALUES('1001', 'This is a placeholder page with two child pages to serve as an example. ');
INSERT INTO `field_summary` (pages_id, data) VALUES('1005', 'View this template\'s source for a demonstration of how to create a basic site map. ');
INSERT INTO `field_summary` (pages_id, data) VALUES('1003', 'More about the templates included in this basic site profile. ');
INSERT INTO `field_summary` (pages_id, data) VALUES('1004', 'Mos erat reprobo in praesent, mara premo, obruo iustum pecus velit lobortis te sagaciter populus.');
INSERT INTO `field_summary` (pages_id, data) VALUES('1', 'ProcessWire is an open source CMS and web application framework aimed at the needs of designers, developers and their clients. ');

INSERT INTO `field_title` (pages_id, data) VALUES('1', 'Home') ON DUPLICATE KEY UPDATE pages_id=VALUES(pages_id), data=VALUES(data);
INSERT INTO `field_title` (pages_id, data) VALUES('1001', 'About') ON DUPLICATE KEY UPDATE pages_id=VALUES(pages_id), data=VALUES(data);
INSERT INTO `field_title` (pages_id, data) VALUES('1002', 'Child page example 1') ON DUPLICATE KEY UPDATE pages_id=VALUES(pages_id), data=VALUES(data);
INSERT INTO `field_title` (pages_id, data) VALUES('1000', 'Search') ON DUPLICATE KEY UPDATE pages_id=VALUES(pages_id), data=VALUES(data);
INSERT INTO `field_title` (pages_id, data) VALUES('1003', 'Templates') ON DUPLICATE KEY UPDATE pages_id=VALUES(pages_id), data=VALUES(data);
INSERT INTO `field_title` (pages_id, data) VALUES('1004', 'Child page example 2') ON DUPLICATE KEY UPDATE pages_id=VALUES(pages_id), data=VALUES(data);
INSERT INTO `field_title` (pages_id, data) VALUES('1005', 'Site Map') ON DUPLICATE KEY UPDATE pages_id=VALUES(pages_id), data=VALUES(data);
INSERT INTO `field_title` (pages_id, data) VALUES('1006', 'Site setup') ON DUPLICATE KEY UPDATE pages_id=VALUES(pages_id), data=VALUES(data);
INSERT INTO `field_title` (pages_id, data) VALUES('1008', 'Footer pages') ON DUPLICATE KEY UPDATE pages_id=VALUES(pages_id), data=VALUES(data);
INSERT INTO `field_title` (pages_id, data) VALUES('1009', 'Image slots') ON DUPLICATE KEY UPDATE pages_id=VALUES(pages_id), data=VALUES(data);
INSERT INTO `field_title` (pages_id, data) VALUES('1010', 'A child page') ON DUPLICATE KEY UPDATE pages_id=VALUES(pages_id), data=VALUES(data);
INSERT INTO `field_title` (pages_id, data) VALUES('1017', 'Export Site Profile') ON DUPLICATE KEY UPDATE pages_id=VALUES(pages_id), data=VALUES(data);

INSERT INTO `fieldgroups` (id, name) VALUES('1', 'home') ON DUPLICATE KEY UPDATE id=VALUES(id), name=VALUES(name);
INSERT INTO `fieldgroups` (id, name) VALUES('88', 'sitemap') ON DUPLICATE KEY UPDATE id=VALUES(id), name=VALUES(name);
INSERT INTO `fieldgroups` (id, name) VALUES('83', 'basic-page') ON DUPLICATE KEY UPDATE id=VALUES(id), name=VALUES(name);
INSERT INTO `fieldgroups` (id, name) VALUES('80', 'search') ON DUPLICATE KEY UPDATE id=VALUES(id), name=VALUES(name);
INSERT INTO `fieldgroups` (id, name) VALUES('97', 'configure') ON DUPLICATE KEY UPDATE id=VALUES(id), name=VALUES(name);
INSERT INTO `fieldgroups` (id, name) VALUES('98', 'treenode') ON DUPLICATE KEY UPDATE id=VALUES(id), name=VALUES(name);

INSERT INTO `fieldgroups_fields` (fieldgroups_id, fields_id, sort, data) VALUES('2', '2', '1', '') ON DUPLICATE KEY UPDATE fieldgroups_id=VALUES(fieldgroups_id), fields_id=VALUES(fields_id), sort=VALUES(sort), data=VALUES(data);
INSERT INTO `fieldgroups_fields` (fieldgroups_id, fields_id, sort, data) VALUES('2', '1', '0', '') ON DUPLICATE KEY UPDATE fieldgroups_id=VALUES(fieldgroups_id), fields_id=VALUES(fields_id), sort=VALUES(sort), data=VALUES(data);
INSERT INTO `fieldgroups_fields` (fieldgroups_id, fields_id, sort, data) VALUES('3', '3', '0', '') ON DUPLICATE KEY UPDATE fieldgroups_id=VALUES(fieldgroups_id), fields_id=VALUES(fields_id), sort=VALUES(sort), data=VALUES(data);
INSERT INTO `fieldgroups_fields` (fieldgroups_id, fields_id, sort, data) VALUES('3', '4', '2', '') ON DUPLICATE KEY UPDATE fieldgroups_id=VALUES(fieldgroups_id), fields_id=VALUES(fields_id), sort=VALUES(sort), data=VALUES(data);
INSERT INTO `fieldgroups_fields` (fieldgroups_id, fields_id, sort, data) VALUES('4', '5', '0', '') ON DUPLICATE KEY UPDATE fieldgroups_id=VALUES(fieldgroups_id), fields_id=VALUES(fields_id), sort=VALUES(sort), data=VALUES(data);
INSERT INTO `fieldgroups_fields` (fieldgroups_id, fields_id, sort, data) VALUES('5', '1', '0', '') ON DUPLICATE KEY UPDATE fieldgroups_id=VALUES(fieldgroups_id), fields_id=VALUES(fields_id), sort=VALUES(sort), data=VALUES(data);
INSERT INTO `fieldgroups_fields` (fieldgroups_id, fields_id, sort, data) VALUES('3', '92', '1', '') ON DUPLICATE KEY UPDATE fieldgroups_id=VALUES(fieldgroups_id), fields_id=VALUES(fields_id), sort=VALUES(sort), data=VALUES(data);
INSERT INTO `fieldgroups_fields` (fieldgroups_id, fields_id, sort, data) VALUES('1', '82', '5', '') ON DUPLICATE KEY UPDATE fieldgroups_id=VALUES(fieldgroups_id), fields_id=VALUES(fields_id), sort=VALUES(sort), data=VALUES(data);
INSERT INTO `fieldgroups_fields` (fieldgroups_id, fields_id, sort, data) VALUES('1', '76', '4', '') ON DUPLICATE KEY UPDATE fieldgroups_id=VALUES(fieldgroups_id), fields_id=VALUES(fields_id), sort=VALUES(sort), data=VALUES(data);
INSERT INTO `fieldgroups_fields` (fieldgroups_id, fields_id, sort, data) VALUES('1', '79', '3', '') ON DUPLICATE KEY UPDATE fieldgroups_id=VALUES(fieldgroups_id), fields_id=VALUES(fields_id), sort=VALUES(sort), data=VALUES(data);
INSERT INTO `fieldgroups_fields` (fieldgroups_id, fields_id, sort, data) VALUES('80', '1', '0', '') ON DUPLICATE KEY UPDATE fieldgroups_id=VALUES(fieldgroups_id), fields_id=VALUES(fields_id), sort=VALUES(sort), data=VALUES(data);
INSERT INTO `fieldgroups_fields` (fieldgroups_id, fields_id, sort, data) VALUES('83', '100', '10', '') ON DUPLICATE KEY UPDATE fieldgroups_id=VALUES(fieldgroups_id), fields_id=VALUES(fields_id), sort=VALUES(sort), data=VALUES(data);
INSERT INTO `fieldgroups_fields` (fieldgroups_id, fields_id, sort, data) VALUES('83', '44', '9', '') ON DUPLICATE KEY UPDATE fieldgroups_id=VALUES(fieldgroups_id), fields_id=VALUES(fields_id), sort=VALUES(sort), data=VALUES(data);
INSERT INTO `fieldgroups_fields` (fieldgroups_id, fields_id, sort, data) VALUES('83', '82', '8', '') ON DUPLICATE KEY UPDATE fieldgroups_id=VALUES(fieldgroups_id), fields_id=VALUES(fields_id), sort=VALUES(sort), data=VALUES(data);
INSERT INTO `fieldgroups_fields` (fieldgroups_id, fields_id, sort, data) VALUES('83', '76', '7', '') ON DUPLICATE KEY UPDATE fieldgroups_id=VALUES(fieldgroups_id), fields_id=VALUES(fields_id), sort=VALUES(sort), data=VALUES(data);
INSERT INTO `fieldgroups_fields` (fieldgroups_id, fields_id, sort, data) VALUES('1', '78', '2', '') ON DUPLICATE KEY UPDATE fieldgroups_id=VALUES(fieldgroups_id), fields_id=VALUES(fields_id), sort=VALUES(sort), data=VALUES(data);
INSERT INTO `fieldgroups_fields` (fieldgroups_id, fields_id, sort, data) VALUES('83', '79', '6', '') ON DUPLICATE KEY UPDATE fieldgroups_id=VALUES(fieldgroups_id), fields_id=VALUES(fields_id), sort=VALUES(sort), data=VALUES(data);
INSERT INTO `fieldgroups_fields` (fieldgroups_id, fields_id, sort, data) VALUES('83', '78', '5', '') ON DUPLICATE KEY UPDATE fieldgroups_id=VALUES(fieldgroups_id), fields_id=VALUES(fields_id), sort=VALUES(sort), data=VALUES(data);
INSERT INTO `fieldgroups_fields` (fieldgroups_id, fields_id, sort, data) VALUES('88', '1', '0', '') ON DUPLICATE KEY UPDATE fieldgroups_id=VALUES(fieldgroups_id), fields_id=VALUES(fields_id), sort=VALUES(sort), data=VALUES(data);
INSERT INTO `fieldgroups_fields` (fieldgroups_id, fields_id, sort, data) VALUES('1', '101', '1', '') ON DUPLICATE KEY UPDATE fieldgroups_id=VALUES(fieldgroups_id), fields_id=VALUES(fields_id), sort=VALUES(sort), data=VALUES(data);
INSERT INTO `fieldgroups_fields` (fieldgroups_id, fields_id, sort, data) VALUES('1', '1', '0', '') ON DUPLICATE KEY UPDATE fieldgroups_id=VALUES(fieldgroups_id), fields_id=VALUES(fields_id), sort=VALUES(sort), data=VALUES(data);
INSERT INTO `fieldgroups_fields` (fieldgroups_id, fields_id, sort, data) VALUES('88', '79', '1', '') ON DUPLICATE KEY UPDATE fieldgroups_id=VALUES(fieldgroups_id), fields_id=VALUES(fields_id), sort=VALUES(sort), data=VALUES(data);
INSERT INTO `fieldgroups_fields` (fieldgroups_id, fields_id, sort, data) VALUES('97', '97', '0', '') ON DUPLICATE KEY UPDATE fieldgroups_id=VALUES(fieldgroups_id), fields_id=VALUES(fields_id), sort=VALUES(sort), data=VALUES(data);
INSERT INTO `fieldgroups_fields` (fieldgroups_id, fields_id, sort, data) VALUES('97', '99', '1', '') ON DUPLICATE KEY UPDATE fieldgroups_id=VALUES(fieldgroups_id), fields_id=VALUES(fields_id), sort=VALUES(sort), data=VALUES(data);
INSERT INTO `fieldgroups_fields` (fieldgroups_id, fields_id, sort, data) VALUES('97', '98', '2', '') ON DUPLICATE KEY UPDATE fieldgroups_id=VALUES(fieldgroups_id), fields_id=VALUES(fields_id), sort=VALUES(sort), data=VALUES(data);
INSERT INTO `fieldgroups_fields` (fieldgroups_id, fields_id, sort, data) VALUES('97', '1', '3', '') ON DUPLICATE KEY UPDATE fieldgroups_id=VALUES(fieldgroups_id), fields_id=VALUES(fields_id), sort=VALUES(sort), data=VALUES(data);
INSERT INTO `fieldgroups_fields` (fieldgroups_id, fields_id, sort, data) VALUES('98', '1', '0', '') ON DUPLICATE KEY UPDATE fieldgroups_id=VALUES(fieldgroups_id), fields_id=VALUES(fields_id), sort=VALUES(sort), data=VALUES(data);
INSERT INTO `fieldgroups_fields` (fieldgroups_id, fields_id, sort, data) VALUES('83', '103', '4', '') ON DUPLICATE KEY UPDATE fieldgroups_id=VALUES(fieldgroups_id), fields_id=VALUES(fields_id), sort=VALUES(sort), data=VALUES(data);
INSERT INTO `fieldgroups_fields` (fieldgroups_id, fields_id, sort, data) VALUES('88', '100', '2', '') ON DUPLICATE KEY UPDATE fieldgroups_id=VALUES(fieldgroups_id), fields_id=VALUES(fields_id), sort=VALUES(sort), data=VALUES(data);
INSERT INTO `fieldgroups_fields` (fieldgroups_id, fields_id, sort, data) VALUES('83', '104', '3', '') ON DUPLICATE KEY UPDATE fieldgroups_id=VALUES(fieldgroups_id), fields_id=VALUES(fields_id), sort=VALUES(sort), data=VALUES(data);
INSERT INTO `fieldgroups_fields` (fieldgroups_id, fields_id, sort, data) VALUES('1', '44', '6', '') ON DUPLICATE KEY UPDATE fieldgroups_id=VALUES(fieldgroups_id), fields_id=VALUES(fields_id), sort=VALUES(sort), data=VALUES(data);
INSERT INTO `fieldgroups_fields` (fieldgroups_id, fields_id, sort, data) VALUES('83', '101', '2', '') ON DUPLICATE KEY UPDATE fieldgroups_id=VALUES(fieldgroups_id), fields_id=VALUES(fields_id), sort=VALUES(sort), data=VALUES(data);
INSERT INTO `fieldgroups_fields` (fieldgroups_id, fields_id, sort, data) VALUES('83', '102', '1', '') ON DUPLICATE KEY UPDATE fieldgroups_id=VALUES(fieldgroups_id), fields_id=VALUES(fields_id), sort=VALUES(sort), data=VALUES(data);
INSERT INTO `fieldgroups_fields` (fieldgroups_id, fields_id, sort, data) VALUES('83', '1', '0', '') ON DUPLICATE KEY UPDATE fieldgroups_id=VALUES(fieldgroups_id), fields_id=VALUES(fields_id), sort=VALUES(sort), data=VALUES(data);

INSERT INTO `fields` (id, type, name, flags, label, data) VALUES('82', 'FieldtypeTextarea', 'sidebar', '0', 'Sidebar', '{\"inputfieldClass\":\"InputfieldTinyMCE\",\"rows\":5,\"theme_advanced_buttons1\":\"formatselect,styleselect|,bold,italic,|,bullist,numlist,|,link,unlink,|,image,|,code,|,fullscreen\",\"theme_advanced_blockformats\":\"p,h2,h3,h4,blockquote,pre,code\",\"plugins\":\"inlinepopups,safari,table,media,paste,fullscreen,preelementfix\",\"valid_elements\":\"@[id|class],a[href|target|name],strong\\/b,em\\/i,br,img[src|id|class|width|height|alt],ul,ol,li,p[class],h2,h3,h4,blockquote,-p,-table[border=0|cellspacing|cellpadding|width|frame|rules|height|align|summary|bgcolor|background|bordercolor],-tr[rowspan|width|height|align|valign|bgcolor|background|bordercolor],tbody,thead,tfoot,#td[colspan|rowspan|width|height|align|valign|bgcolor|background|bordercolor|scope],#th[colspan|rowspan|width|height|align|valign|scope],pre,code\"}') ON DUPLICATE KEY UPDATE id=VALUES(id), type=VALUES(type), name=VALUES(name), flags=VALUES(flags), label=VALUES(label), data=VALUES(data);
INSERT INTO `fields` (id, type, name, flags, label, data) VALUES('44', 'FieldtypeImage', 'images', '0', 'Images', '{\"extensions\":\"gif jpg jpeg png\",\"entityEncode\":1,\"adminThumbs\":1,\"inputfieldClass\":\"InputfieldImage\",\"maxFiles\":0,\"descriptionRows\":1}') ON DUPLICATE KEY UPDATE id=VALUES(id), type=VALUES(type), name=VALUES(name), flags=VALUES(flags), label=VALUES(label), data=VALUES(data);
INSERT INTO `fields` (id, type, name, flags, label, data) VALUES('79', 'FieldtypeTextarea', 'summary', '1', 'Summary', '{\"textformatters\":[\"TextformatterEntities\"],\"inputfieldClass\":\"InputfieldTextarea\",\"collapsed\":2,\"rows\":3}') ON DUPLICATE KEY UPDATE id=VALUES(id), type=VALUES(type), name=VALUES(name), flags=VALUES(flags), label=VALUES(label), data=VALUES(data);
INSERT INTO `fields` (id, type, name, flags, label, data) VALUES('76', 'FieldtypeTextarea', 'body', '0', 'Body', '{\"inputfieldClass\":\"InputfieldTinyMCE\",\"collapsed\":0,\"rows\":10,\"theme_advanced_buttons1\":\"formatselect,|,bold,italic,|,bullist,numlist,|,link,unlink,|,image,|,code,|,fullscreen\",\"theme_advanced_blockformats\":\"p,h2,h3,h4,blockquote,pre\",\"plugins\":\"inlinepopups,safari,media,paste,fullscreen\",\"valid_elements\":\"@[id|class],a[href|target|name],strong\\/b,em\\/i,br,img[src|id|class|width|height|alt],ul,ol,li,p[class],h2,h3,h4,blockquote,-p,-table[border=0|cellspacing|cellpadding|width|frame|rules|height|align|summary|bgcolor|background|bordercolor],-tr[rowspan|width|height|align|valign|bgcolor|background|bordercolor],tbody,thead,tfoot,#td[colspan|rowspan|width|height|align|valign|bgcolor|background|bordercolor|scope],#th[colspan|rowspan|width|height|align|valign|scope],code,pre\"}') ON DUPLICATE KEY UPDATE id=VALUES(id), type=VALUES(type), name=VALUES(name), flags=VALUES(flags), label=VALUES(label), data=VALUES(data);
INSERT INTO `fields` (id, type, name, flags, label, data) VALUES('78', 'FieldtypeText', 'headline', '0', 'Headline', '{\"description\":\"Use this instead of the Title if a longer headline is needed than what you want to appear in navigation.\",\"textformatters\":[\"TextformatterEntities\"],\"collapsed\":2,\"size\":0,\"maxlength\":1024}') ON DUPLICATE KEY UPDATE id=VALUES(id), type=VALUES(type), name=VALUES(name), flags=VALUES(flags), label=VALUES(label), data=VALUES(data);
INSERT INTO `fields` (id, type, name, flags, label, data) VALUES('97', 'FieldtypeText', 'site_name', '0', 'Site name', '') ON DUPLICATE KEY UPDATE id=VALUES(id), type=VALUES(type), name=VALUES(name), flags=VALUES(flags), label=VALUES(label), data=VALUES(data);
INSERT INTO `fields` (id, type, name, flags, label, data) VALUES('98', 'FieldtypeTextarea', 'site_footer', '0', 'Site footer', '{\"inputfieldClass\":\"InputfieldTinyMCE\",\"rows\":5}') ON DUPLICATE KEY UPDATE id=VALUES(id), type=VALUES(type), name=VALUES(name), flags=VALUES(flags), label=VALUES(label), data=VALUES(data);
INSERT INTO `fields` (id, type, name, flags, label, data) VALUES('99', 'FieldtypeText', 'site_tagline', '0', 'Site tagline', '') ON DUPLICATE KEY UPDATE id=VALUES(id), type=VALUES(type), name=VALUES(name), flags=VALUES(flags), label=VALUES(label), data=VALUES(data);
INSERT INTO `fields` (id, type, name, flags, label, data) VALUES('100', 'FieldtypeCheckbox', 'in_footer', '0', 'Show page in footer navigation', '{\"description\":\"This will remove the page from the primary navigation at the top of the page.\",\"collapsed\":2}') ON DUPLICATE KEY UPDATE id=VALUES(id), type=VALUES(type), name=VALUES(name), flags=VALUES(flags), label=VALUES(label), data=VALUES(data);
INSERT INTO `fields` (id, type, name, flags, label, data) VALUES('101', 'FieldtypeImage', 'page_image', '0', 'Image file', '{\"description\":\"The primary image on the page.\",\"extensions\":\"gif jpg jpeg png\",\"maxFiles\":1,\"inputfieldClass\":\"InputfieldImage\",\"descriptionRows\":1,\"collapsed\":2}') ON DUPLICATE KEY UPDATE id=VALUES(id), type=VALUES(type), name=VALUES(name), flags=VALUES(flags), label=VALUES(label), data=VALUES(data);
INSERT INTO `fields` (id, type, name, flags, label, data) VALUES('102', 'FieldtypeFieldsetOpen', 'page_image_settings', '0', 'Page image', '') ON DUPLICATE KEY UPDATE id=VALUES(id), type=VALUES(type), name=VALUES(name), flags=VALUES(flags), label=VALUES(label), data=VALUES(data);
INSERT INTO `fields` (id, type, name, flags, label, data) VALUES('103', 'FieldtypeFieldsetClose', 'page_image_settings_END', '0', 'Close an open fieldset', '{\"description\":\"This field was added automatically to accompany fieldset \'page_image_settings\'. It should be placed in your template\\/fieldgroup wherever you want the fieldset to end.\"}') ON DUPLICATE KEY UPDATE id=VALUES(id), type=VALUES(type), name=VALUES(name), flags=VALUES(flags), label=VALUES(label), data=VALUES(data);
INSERT INTO `fields` (id, type, name, flags, label, data) VALUES('104', 'FieldtypeCheckbox', 'page_image_rightcol', '0', 'Show image in right column', '{\"description\":\"This will display the page image in the right column instead of across the entire page.\",\"collapsed\":2}') ON DUPLICATE KEY UPDATE id=VALUES(id), type=VALUES(type), name=VALUES(name), flags=VALUES(flags), label=VALUES(label), data=VALUES(data);

INSERT INTO `modules` (id, class, flags, data) VALUES('148', 'SystemUpdater', '1', '{\"systemVersion\":1}') ON DUPLICATE KEY UPDATE id=VALUES(id), class=VALUES(class), flags=VALUES(flags), data=VALUES(data);
INSERT INTO `modules` (id, class, flags, data) VALUES('149', 'ProcessExportProfile', '1', '') ON DUPLICATE KEY UPDATE id=VALUES(id), class=VALUES(class), flags=VALUES(flags), data=VALUES(data);

INSERT INTO `pages` (id, parent_id, templates_id, name, status, modified, modified_users_id, created, created_users_id, sort) VALUES('1', '0', '1', 'home', '9', '2012-02-19 22:59:50', '41', '0000-00-00 00:00:00', '2', '0') ON DUPLICATE KEY UPDATE id=VALUES(id), parent_id=VALUES(parent_id), templates_id=VALUES(templates_id), name=VALUES(name), status=VALUES(status), modified=VALUES(modified), modified_users_id=VALUES(modified_users_id), created=VALUES(created), created_users_id=VALUES(created_users_id), sort=VALUES(sort);
INSERT INTO `pages` (id, parent_id, templates_id, name, status, modified, modified_users_id, created, created_users_id, sort) VALUES('27', '1', '29', 'http404', '1035', '2012-02-19 00:22:07', '41', '2010-06-03 06:53:03', '3', '7') ON DUPLICATE KEY UPDATE id=VALUES(id), parent_id=VALUES(parent_id), templates_id=VALUES(templates_id), name=VALUES(name), status=VALUES(status), modified=VALUES(modified), modified_users_id=VALUES(modified_users_id), created=VALUES(created), created_users_id=VALUES(created_users_id), sort=VALUES(sort);
INSERT INTO `pages` (id, parent_id, templates_id, name, status, modified, modified_users_id, created, created_users_id, sort) VALUES('1000', '1', '26', 'search', '1025', '2012-02-19 00:22:07', '41', '2010-09-06 05:05:28', '2', '5') ON DUPLICATE KEY UPDATE id=VALUES(id), parent_id=VALUES(parent_id), templates_id=VALUES(templates_id), name=VALUES(name), status=VALUES(status), modified=VALUES(modified), modified_users_id=VALUES(modified_users_id), created=VALUES(created), created_users_id=VALUES(created_users_id), sort=VALUES(sort);
INSERT INTO `pages` (id, parent_id, templates_id, name, status, modified, modified_users_id, created, created_users_id, sort) VALUES('1001', '1', '29', 'about', '1', '2012-02-19 22:56:53', '41', '2010-10-25 22:39:33', '2', '0') ON DUPLICATE KEY UPDATE id=VALUES(id), parent_id=VALUES(parent_id), templates_id=VALUES(templates_id), name=VALUES(name), status=VALUES(status), modified=VALUES(modified), modified_users_id=VALUES(modified_users_id), created=VALUES(created), created_users_id=VALUES(created_users_id), sort=VALUES(sort);
INSERT INTO `pages` (id, parent_id, templates_id, name, status, modified, modified_users_id, created, created_users_id, sort) VALUES('1002', '1001', '29', 'what', '1', '2011-09-06 14:50:53', '41', '2010-10-25 23:21:34', '2', '0') ON DUPLICATE KEY UPDATE id=VALUES(id), parent_id=VALUES(parent_id), templates_id=VALUES(templates_id), name=VALUES(name), status=VALUES(status), modified=VALUES(modified), modified_users_id=VALUES(modified_users_id), created=VALUES(created), created_users_id=VALUES(created_users_id), sort=VALUES(sort);
INSERT INTO `pages` (id, parent_id, templates_id, name, status, modified, modified_users_id, created, created_users_id, sort) VALUES('1003', '1', '29', 'templates', '1', '2012-02-20 22:50:34', '41', '2010-10-26 01:59:44', '2', '2') ON DUPLICATE KEY UPDATE id=VALUES(id), parent_id=VALUES(parent_id), templates_id=VALUES(templates_id), name=VALUES(name), status=VALUES(status), modified=VALUES(modified), modified_users_id=VALUES(modified_users_id), created=VALUES(created), created_users_id=VALUES(created_users_id), sort=VALUES(sort);
INSERT INTO `pages` (id, parent_id, templates_id, name, status, modified, modified_users_id, created, created_users_id, sort) VALUES('1004', '1001', '29', 'background', '1', '2011-08-18 14:47:47', '41', '2010-11-29 22:11:36', '2', '1') ON DUPLICATE KEY UPDATE id=VALUES(id), parent_id=VALUES(parent_id), templates_id=VALUES(templates_id), name=VALUES(name), status=VALUES(status), modified=VALUES(modified), modified_users_id=VALUES(modified_users_id), created=VALUES(created), created_users_id=VALUES(created_users_id), sort=VALUES(sort);
INSERT INTO `pages` (id, parent_id, templates_id, name, status, modified, modified_users_id, created, created_users_id, sort) VALUES('1005', '1', '34', 'site-map', '1', '2012-02-20 22:50:34', '41', '2010-11-30 21:16:49', '2', '3') ON DUPLICATE KEY UPDATE id=VALUES(id), parent_id=VALUES(parent_id), templates_id=VALUES(templates_id), name=VALUES(name), status=VALUES(status), modified=VALUES(modified), modified_users_id=VALUES(modified_users_id), created=VALUES(created), created_users_id=VALUES(created_users_id), sort=VALUES(sort);
INSERT INTO `pages` (id, parent_id, templates_id, name, status, modified, modified_users_id, created, created_users_id, sort) VALUES('1006', '1', '43', 'site-setup', '1025', '2012-02-19 14:35:21', '41', '2012-02-17 20:42:36', '41', '6') ON DUPLICATE KEY UPDATE id=VALUES(id), parent_id=VALUES(parent_id), templates_id=VALUES(templates_id), name=VALUES(name), status=VALUES(status), modified=VALUES(modified), modified_users_id=VALUES(modified_users_id), created=VALUES(created), created_users_id=VALUES(created_users_id), sort=VALUES(sort);
INSERT INTO `pages` (id, parent_id, templates_id, name, status, modified, modified_users_id, created, created_users_id, sort) VALUES('1008', '1', '29', 'footer-pages', '1', '2012-02-20 22:50:34', '41', '2012-02-18 14:09:08', '41', '4') ON DUPLICATE KEY UPDATE id=VALUES(id), parent_id=VALUES(parent_id), templates_id=VALUES(templates_id), name=VALUES(name), status=VALUES(status), modified=VALUES(modified), modified_users_id=VALUES(modified_users_id), created=VALUES(created), created_users_id=VALUES(created_users_id), sort=VALUES(sort);
INSERT INTO `pages` (id, parent_id, templates_id, name, status, modified, modified_users_id, created, created_users_id, sort) VALUES('1009', '1', '29', 'test-image-page-with-children', '1', '2012-03-03 17:52:26', '41', '2012-02-18 21:36:45', '41', '1') ON DUPLICATE KEY UPDATE id=VALUES(id), parent_id=VALUES(parent_id), templates_id=VALUES(templates_id), name=VALUES(name), status=VALUES(status), modified=VALUES(modified), modified_users_id=VALUES(modified_users_id), created=VALUES(created), created_users_id=VALUES(created_users_id), sort=VALUES(sort);
INSERT INTO `pages` (id, parent_id, templates_id, name, status, modified, modified_users_id, created, created_users_id, sort) VALUES('1010', '7', '29', '1010_a-child-page', '8193', '2012-02-20 22:49:24', '41', '2012-02-18 21:38:22', '41', '0') ON DUPLICATE KEY UPDATE id=VALUES(id), parent_id=VALUES(parent_id), templates_id=VALUES(templates_id), name=VALUES(name), status=VALUES(status), modified=VALUES(modified), modified_users_id=VALUES(modified_users_id), created=VALUES(created), created_users_id=VALUES(created_users_id), sort=VALUES(sort);
INSERT INTO `pages` (id, parent_id, templates_id, name, status, modified, modified_users_id, created, created_users_id, sort) VALUES('1017', '22', '2', 'export-site-profile', '1', '2012-03-04 21:14:37', '41', '2012-03-04 21:14:37', '41', '2') ON DUPLICATE KEY UPDATE id=VALUES(id), parent_id=VALUES(parent_id), templates_id=VALUES(templates_id), name=VALUES(name), status=VALUES(status), modified=VALUES(modified), modified_users_id=VALUES(modified_users_id), created=VALUES(created), created_users_id=VALUES(created_users_id), sort=VALUES(sort);

INSERT INTO `pages_access` (pages_id, templates_id, ts) VALUES('37', '2', '2011-09-06 12:10:09') ON DUPLICATE KEY UPDATE pages_id=VALUES(pages_id), templates_id=VALUES(templates_id), ts=VALUES(ts);
INSERT INTO `pages_access` (pages_id, templates_id, ts) VALUES('38', '2', '2011-09-06 12:10:09') ON DUPLICATE KEY UPDATE pages_id=VALUES(pages_id), templates_id=VALUES(templates_id), ts=VALUES(ts);
INSERT INTO `pages_access` (pages_id, templates_id, ts) VALUES('32', '2', '2011-09-06 12:10:09') ON DUPLICATE KEY UPDATE pages_id=VALUES(pages_id), templates_id=VALUES(templates_id), ts=VALUES(ts);
INSERT INTO `pages_access` (pages_id, templates_id, ts) VALUES('34', '2', '2011-09-06 12:10:09') ON DUPLICATE KEY UPDATE pages_id=VALUES(pages_id), templates_id=VALUES(templates_id), ts=VALUES(ts);
INSERT INTO `pages_access` (pages_id, templates_id, ts) VALUES('35', '2', '2011-09-06 12:10:09') ON DUPLICATE KEY UPDATE pages_id=VALUES(pages_id), templates_id=VALUES(templates_id), ts=VALUES(ts);
INSERT INTO `pages_access` (pages_id, templates_id, ts) VALUES('36', '2', '2011-09-06 12:10:09') ON DUPLICATE KEY UPDATE pages_id=VALUES(pages_id), templates_id=VALUES(templates_id), ts=VALUES(ts);
INSERT INTO `pages_access` (pages_id, templates_id, ts) VALUES('50', '2', '2011-09-06 12:10:09') ON DUPLICATE KEY UPDATE pages_id=VALUES(pages_id), templates_id=VALUES(templates_id), ts=VALUES(ts);
INSERT INTO `pages_access` (pages_id, templates_id, ts) VALUES('51', '2', '2011-09-06 12:10:09') ON DUPLICATE KEY UPDATE pages_id=VALUES(pages_id), templates_id=VALUES(templates_id), ts=VALUES(ts);
INSERT INTO `pages_access` (pages_id, templates_id, ts) VALUES('52', '2', '2011-09-06 12:10:09') ON DUPLICATE KEY UPDATE pages_id=VALUES(pages_id), templates_id=VALUES(templates_id), ts=VALUES(ts);
INSERT INTO `pages_access` (pages_id, templates_id, ts) VALUES('53', '2', '2011-09-06 12:10:09') ON DUPLICATE KEY UPDATE pages_id=VALUES(pages_id), templates_id=VALUES(templates_id), ts=VALUES(ts);
INSERT INTO `pages_access` (pages_id, templates_id, ts) VALUES('54', '2', '2011-09-06 12:10:09') ON DUPLICATE KEY UPDATE pages_id=VALUES(pages_id), templates_id=VALUES(templates_id), ts=VALUES(ts);
INSERT INTO `pages_access` (pages_id, templates_id, ts) VALUES('1006', '1', '2012-02-17 20:42:36') ON DUPLICATE KEY UPDATE pages_id=VALUES(pages_id), templates_id=VALUES(templates_id), ts=VALUES(ts);
INSERT INTO `pages_access` (pages_id, templates_id, ts) VALUES('1008', '1', '2012-02-18 14:09:08') ON DUPLICATE KEY UPDATE pages_id=VALUES(pages_id), templates_id=VALUES(templates_id), ts=VALUES(ts);
INSERT INTO `pages_access` (pages_id, templates_id, ts) VALUES('1005', '1', '2012-02-18 14:09:35') ON DUPLICATE KEY UPDATE pages_id=VALUES(pages_id), templates_id=VALUES(templates_id), ts=VALUES(ts);
INSERT INTO `pages_access` (pages_id, templates_id, ts) VALUES('1009', '1', '2012-02-18 21:36:45') ON DUPLICATE KEY UPDATE pages_id=VALUES(pages_id), templates_id=VALUES(templates_id), ts=VALUES(ts);
INSERT INTO `pages_access` (pages_id, templates_id, ts) VALUES('1010', '2', '2012-02-20 22:49:24') ON DUPLICATE KEY UPDATE pages_id=VALUES(pages_id), templates_id=VALUES(templates_id), ts=VALUES(ts);

INSERT INTO `pages_parents` (pages_id, parents_id) VALUES('2', '1') ON DUPLICATE KEY UPDATE pages_id=VALUES(pages_id), parents_id=VALUES(parents_id);
INSERT INTO `pages_parents` (pages_id, parents_id) VALUES('3', '1') ON DUPLICATE KEY UPDATE pages_id=VALUES(pages_id), parents_id=VALUES(parents_id);
INSERT INTO `pages_parents` (pages_id, parents_id) VALUES('3', '2') ON DUPLICATE KEY UPDATE pages_id=VALUES(pages_id), parents_id=VALUES(parents_id);
INSERT INTO `pages_parents` (pages_id, parents_id) VALUES('7', '1') ON DUPLICATE KEY UPDATE pages_id=VALUES(pages_id), parents_id=VALUES(parents_id);
INSERT INTO `pages_parents` (pages_id, parents_id) VALUES('22', '1') ON DUPLICATE KEY UPDATE pages_id=VALUES(pages_id), parents_id=VALUES(parents_id);
INSERT INTO `pages_parents` (pages_id, parents_id) VALUES('22', '2') ON DUPLICATE KEY UPDATE pages_id=VALUES(pages_id), parents_id=VALUES(parents_id);
INSERT INTO `pages_parents` (pages_id, parents_id) VALUES('28', '1') ON DUPLICATE KEY UPDATE pages_id=VALUES(pages_id), parents_id=VALUES(parents_id);
INSERT INTO `pages_parents` (pages_id, parents_id) VALUES('28', '2') ON DUPLICATE KEY UPDATE pages_id=VALUES(pages_id), parents_id=VALUES(parents_id);
INSERT INTO `pages_parents` (pages_id, parents_id) VALUES('29', '1') ON DUPLICATE KEY UPDATE pages_id=VALUES(pages_id), parents_id=VALUES(parents_id);
INSERT INTO `pages_parents` (pages_id, parents_id) VALUES('29', '2') ON DUPLICATE KEY UPDATE pages_id=VALUES(pages_id), parents_id=VALUES(parents_id);
INSERT INTO `pages_parents` (pages_id, parents_id) VALUES('29', '28') ON DUPLICATE KEY UPDATE pages_id=VALUES(pages_id), parents_id=VALUES(parents_id);
INSERT INTO `pages_parents` (pages_id, parents_id) VALUES('30', '1') ON DUPLICATE KEY UPDATE pages_id=VALUES(pages_id), parents_id=VALUES(parents_id);
INSERT INTO `pages_parents` (pages_id, parents_id) VALUES('30', '2') ON DUPLICATE KEY UPDATE pages_id=VALUES(pages_id), parents_id=VALUES(parents_id);
INSERT INTO `pages_parents` (pages_id, parents_id) VALUES('30', '28') ON DUPLICATE KEY UPDATE pages_id=VALUES(pages_id), parents_id=VALUES(parents_id);
INSERT INTO `pages_parents` (pages_id, parents_id) VALUES('31', '1') ON DUPLICATE KEY UPDATE pages_id=VALUES(pages_id), parents_id=VALUES(parents_id);
INSERT INTO `pages_parents` (pages_id, parents_id) VALUES('31', '2') ON DUPLICATE KEY UPDATE pages_id=VALUES(pages_id), parents_id=VALUES(parents_id);
INSERT INTO `pages_parents` (pages_id, parents_id) VALUES('31', '28') ON DUPLICATE KEY UPDATE pages_id=VALUES(pages_id), parents_id=VALUES(parents_id);
INSERT INTO `pages_parents` (pages_id, parents_id) VALUES('1001', '1') ON DUPLICATE KEY UPDATE pages_id=VALUES(pages_id), parents_id=VALUES(parents_id);
INSERT INTO `pages_parents` (pages_id, parents_id) VALUES('1002', '1') ON DUPLICATE KEY UPDATE pages_id=VALUES(pages_id), parents_id=VALUES(parents_id);
INSERT INTO `pages_parents` (pages_id, parents_id) VALUES('1002', '1001') ON DUPLICATE KEY UPDATE pages_id=VALUES(pages_id), parents_id=VALUES(parents_id);
INSERT INTO `pages_parents` (pages_id, parents_id) VALUES('1003', '1') ON DUPLICATE KEY UPDATE pages_id=VALUES(pages_id), parents_id=VALUES(parents_id);
INSERT INTO `pages_parents` (pages_id, parents_id) VALUES('1004', '1') ON DUPLICATE KEY UPDATE pages_id=VALUES(pages_id), parents_id=VALUES(parents_id);
INSERT INTO `pages_parents` (pages_id, parents_id) VALUES('1004', '1001') ON DUPLICATE KEY UPDATE pages_id=VALUES(pages_id), parents_id=VALUES(parents_id);
INSERT INTO `pages_parents` (pages_id, parents_id) VALUES('1005', '1') ON DUPLICATE KEY UPDATE pages_id=VALUES(pages_id), parents_id=VALUES(parents_id);
INSERT INTO `pages_parents` (pages_id, parents_id) VALUES('1009', '1') ON DUPLICATE KEY UPDATE pages_id=VALUES(pages_id), parents_id=VALUES(parents_id);



INSERT INTO `templates` (id, name, fieldgroups_id, flags, cache_time, data) VALUES('1', 'home', '1', '0', '0', '{\"useRoles\":1,\"noParents\":1,\"slashUrls\":1,\"roles\":[37]}') ON DUPLICATE KEY UPDATE id=VALUES(id), name=VALUES(name), fieldgroups_id=VALUES(fieldgroups_id), flags=VALUES(flags), cache_time=VALUES(cache_time), data=VALUES(data);
INSERT INTO `templates` (id, name, fieldgroups_id, flags, cache_time, data) VALUES('29', 'basic-page', '83', '0', '0', '{\"slashUrls\":1}') ON DUPLICATE KEY UPDATE id=VALUES(id), name=VALUES(name), fieldgroups_id=VALUES(fieldgroups_id), flags=VALUES(flags), cache_time=VALUES(cache_time), data=VALUES(data);
INSERT INTO `templates` (id, name, fieldgroups_id, flags, cache_time, data) VALUES('26', 'search', '80', '0', '0', '{\"noChildren\":1,\"noParents\":1,\"allowPageNum\":1,\"slashUrls\":1}') ON DUPLICATE KEY UPDATE id=VALUES(id), name=VALUES(name), fieldgroups_id=VALUES(fieldgroups_id), flags=VALUES(flags), cache_time=VALUES(cache_time), data=VALUES(data);
INSERT INTO `templates` (id, name, fieldgroups_id, flags, cache_time, data) VALUES('34', 'sitemap', '88', '0', '0', '{\"noChildren\":1,\"noParents\":1,\"redirectLogin\":23,\"slashUrls\":1}') ON DUPLICATE KEY UPDATE id=VALUES(id), name=VALUES(name), fieldgroups_id=VALUES(fieldgroups_id), flags=VALUES(flags), cache_time=VALUES(cache_time), data=VALUES(data);
INSERT INTO `templates` (id, name, fieldgroups_id, flags, cache_time, data) VALUES('43', 'configure', '97', '0', '0', '{\"slashUrls\":1}') ON DUPLICATE KEY UPDATE id=VALUES(id), name=VALUES(name), fieldgroups_id=VALUES(fieldgroups_id), flags=VALUES(flags), cache_time=VALUES(cache_time), data=VALUES(data);
INSERT INTO `templates` (id, name, fieldgroups_id, flags, cache_time, data) VALUES('44', 'treenode', '98', '0', '0', '{\"slashUrls\":1}') ON DUPLICATE KEY UPDATE id=VALUES(id), name=VALUES(name), fieldgroups_id=VALUES(fieldgroups_id), flags=VALUES(flags), cache_time=VALUES(cache_time), data=VALUES(data);
